职位名称,详细链接,公司名称,工作地点,薪资,发布时间
Java开发工程师,https://jobs.51job.com/beijing/112063353.html?s=01&t=0,北京鼎普科技股份有限公司,北京,0.8-1.5万/月,7月10日
Java开发工程师,https://jobs.51job.com/beijing-cyq/112840424.html?s=01&t=0,深圳市天宇鸿通网络科技有限公司,北京-朝阳区,2.5-5万/月,7月10日
Java开发工程师,https://jobs.51job.com/beijing/110305398.html?s=01&t=0,北京联龙博通电子商务技术有限公司,北京,1-1.5万/月,7月10日
Java开发工程师,https://jobs.51job.com/beijing-hdq/101209126.html?s=01&t=0,北京捷文科技股份有限公司,北京-海淀区,1-1.5万/月,7月10日
Java开发工程师,https://jobs.51job.com/beijing-cyq/114493975.html?s=01&t=0,内蒙古西贝餐饮集团有限公司,北京-朝阳区,1.2-1.6万/月,7月10日
java开发工程师（企业平台）(J19731),https://jobs.51job.com/beijing-dxq/110067473.html?s=01&t=0,京东方科技集团股份有限公司,北京-大兴区,1.2-2.4万/月,7月10日
Java前端开发工程师,https://jobs.51job.com/beijing-cyq/114385193.html?s=01&t=0,北京维尔纳斯企业管理有限公司,北京-朝阳区,0.8-1万/月,7月10日
Java开发工程师,https://jobs.51job.com/beijing-hdq/111134996.html?s=01&t=0,北京时代数维科技有限公司,北京-海淀区,1-1.5万/月,7月10日
Java高级开发工程师,https://jobs.51job.com/beijing-hdq/99315718.html?s=01&t=0,北京蓝卡科技股份有限公司,北京-海淀区,1.2-3万/月,7月10日
中高级JAVA工程师,https://jobs.51job.com/jinan-lcq/114510851.html?s=01&t=0,北京易诚互动网络技术有限公司,异地招聘,1-1.6万/月,7月10日
Java开发工程师,https://jobs.51job.com/beijing-hdq/109514014.html?s=01&t=0,北京铭软云视科技有限公司,北京-海淀区,1-1.5万/月,7月10日
Java开发工程师,https://jobs.51job.com/beijing-ftq/115014805.html?s=01&t=0,北京玉龙腾飞影视传媒有限公司,北京-丰台区,5-8千/月,7月10日
Java开发工程师,https://jobs.51job.com/beijing/106775804.html?s=01&t=0,彩讯科技股份有限公司,北京,0.8-1.5万/月,7月10日
Java高级开发工程师,https://jobs.51job.com/beijing-sjsq/110396513.html?s=01&t=0,青牛（北京）技术有限公司,北京-石景山区,1.2-1.8万/月,7月10日
Java开发工程师,https://jobs.51job.com/beijing/111239831.html?s=01&t=0,南京迈特望科技股份有限公司,北京,0.8-1万/月,7月10日
JAVA软件开发实习生,https://jobs.51job.com/beijing-hdq/106823963.html?s=01&t=0,中高软信息技术（北京）有限公司,北京-海淀区,5-8千/月,7月10日
高级JAVA开发工程师（G724267）,https://jobs.51job.com/beijing-ftq/114098178.html?s=01&t=0,卓望信息技术（北京）有限公司,北京-丰台区,22-33万/年,7月10日
Java工程师,https://jobs.51job.com/beijing-cyq/112589914.html?s=01&t=0,上海分众晶视广告有限公司,北京-朝阳区,1-2万/月,7月10日
SAP系统开发工程师（JAVA / ABAP）,https://jobs.51job.com/beijing/99764343.html?s=01&t=0,美巢集团股份公司,北京,1.5-3万/月,7月10日
Java开发工程师,https://jobs.51job.com/beijing/85699809.html?s=01&t=0,北京中软融通科技有限公司,北京,0.5-1.5万/月,7月10日
Java开发工程师,https://jobs.51job.com/beijing-xcq/109377265.html?s=01&t=0,卓望公司教育事业部,北京-西城区,1.5-2.5万/月,7月10日
Java开发工程师,https://jobs.51job.com/beijing-cyq/105954515.html?s=01&t=0,深圳捷汇科技有限公司,北京-朝阳区,1.5-2.5万/月,7月10日
JAVA后端开发工程师,https://jobs.51job.com/beijing-cyq/111708059.html?s=01&t=0,飞驰镁物（北京）信息服务有限公司...,北京-朝阳区,2-4万/月,7月10日
Java资深开发工程师,https://jobs.51job.com/beijing-hdq/113247363.html?s=01&t=0,北京丹灵云科技股份公司,北京-海淀区,1.2-1.8万/月,7月10日
Java开发工程师,http://creditease.51job.com/sc/show_job_detail.php?jobid=106610240,宜信公司,北京,2.5-3万/月,7月10日
Java PHP Go 资深工程师/Leader,https://jobs.51job.com/beijing-cyq/105225658.html?s=01&t=0,北京智软英才管理咨询有限公司,北京-朝阳区,2.5-4.8万/月,7月10日
工具软件开发工程师（java方向）,https://jobs.51job.com/beijing/113371097.html?s=01&t=0,北京翼辉信息技术有限公司,北京,0.8-1.6万/月,7月10日
java开发工程师中级,https://jobs.51job.com/beijing-hdq/114349741.html?s=01&t=0,青岛蓝鲸创意展览展示有限公司,北京-海淀区,1.5-2万/月,7月10日
大数据Java开发工程师（产品研发）,https://jobs.51job.com/beijing-dcq/78612497.html?s=01&t=0,北京东方金信科技有限公司,北京-东城区,1-1.5万/月,7月10日
java开发工程师（稻香湖）,https://jobs.51job.com/beijing-hdq/115102261.html?s=01&t=0,深圳市雁联技术服务有限公司,北京-海淀区,0.9-1.8万/月,7月10日
java开发实习生,https://jobs.51job.com/beijing/110058904.html?s=01&t=0,完美世界（北京）总部/完美时空,北京,4.5-6千/月,7月10日
Java开发工程师,https://jobs.51job.com/beijing-cyq/113315638.html?s=01&t=0,北京鸿特卓博咨询服务有限公司,北京-朝阳区,1.5-3万/月,7月10日
Java开发工程师,https://jobs.51job.com/beijing-cyq/113875648.html?s=01&t=0,深圳市国信合成科技有限公司,北京-朝阳区,4-8千/月,7月10日
Java开发工程师,https://jobs.51job.com/beijing-cyq/114174784.html?s=01&t=0,微医集团,北京-朝阳区,1.5-2万/月,7月10日
Java开发工程师,https://jobs.51job.com/beijing-hdq/112237800.html?s=01&t=0,北京法宣在线科技有限公司,北京-海淀区,1.5-2万/月,7月10日
JAVA软件开发工程师,https://jobs.51job.com/beijing-cpq/114910610.html?s=01&t=0,北京麦颂文化传播有限公司,北京-昌平区,1-2万/月,7月10日
111269-Java后台开发,https://jobs.51job.com/beijing-cyq/109357909.html?s=01&t=0,平安科技（深圳）有限公司,北京-朝阳区,2.5-3万/月,7月10日
Java资深开发工程师（智能交互平台）,https://jobs.51job.com/beijing-hdq/110547029.html?s=01&t=0,广州小鹏汽车科技有限公司,北京-海淀区,2-5万/月,7月10日
软件项目经理（JAVA）,https://jobs.51job.com/beijing-cyq/112615599.html?s=01&t=0,上海中信信息发展股份有限公司,北京-朝阳区,15-20万/年,7月10日
JAVA项目经理,https://jobs.51job.com/beijing-hdq/113161194.html?s=01&t=0,杭州展鸿科技有限公司,北京-海淀区,1.5-2万/月,7月10日
,,,,,
,,,,,
,,,,,
,,,,,
,,,,,
,,,,,
,,,,,
,,,,,
,,,,,
,,,,,
,,,,,
,,,,,
,,,,,
,,,,,
,,,,,
,,,,,
,,,,,
,,,,,
,,,,,
,,,,,
,,,,,
,,,,,
,,,,,
,,,,,
,,,,,
,,,,,
,,,,,
,,,,,
,,,,,
,,,,,
,,,,,
,,,,,
,,,,,
,,,,,
,,,,,
,,,,,
,,,,,
,,,,,
,,,,,
,,,,,
,,,,,
,,,,,
,,,,,
,,,,,
,,,,,
,,,,,
,,,,,
,,,,,
,,,,,
,,,,,
,,,,,
,,,,,
,,,,,
,,,,,
,,,,,
,,,,,
,,,,,
,,,,,
,,,,,
,,,,,
,,,,,
,,,,,
,,,,,
,,,,,
,,,,,
,,,,,
,,,,,
,,,,,
,,,,,
,,,,,
,,,,,
,,,,,
,,,,,
,,,,,
,,,,,
,,,,,
,,,,,
,,,,,
,,,,,
,,,,,
,,,,,
,,,,,
,,,,,
,,,,,
,,,,,
,,,,,
,,,,,
,,,,,
,,,,,
,,,,,
,,,,,
,,,,,
,,,,,
,,,,,
,,,,,
,,,,,
,,,,,
,,,,,
,,,,,
,,,,,
,,,,,
,,,,,
,,,,,
,,,,,
,,,,,
,,,,,
,,,,,
,,,,,
,,,,,
,,,,,
,,,,,
,,,,,
,,,,,
,,,,,
,,,,,
,,,,,
,,,,,
,,,,,
,,,,,
,,,,,
,,,,,
,,,,,
,,,,,
,,,,,
,,,,,
,,,,,
,,,,,
,,,,,
,,,,,
,,,,,
,,,,,
,,,,,
,,,,,
,,,,,
,,,,,
,,,,,
,,,,,
,,,,,
,,,,,
,,,,,
,,,,,
,,,,,
,,,,,
,,,,,
,,,,,
,,,,,
,,,,,
,,,,,
,,,,,
,,,,,
,,,,,
,,,,,
,,,,,
,,,,,
,,,,,
,,,,,
,,,,,
,,,,,
,,,,,
,,,,,
,,,,,
,,,,,
,,,,,
,,,,,
,,,,,
,,,,,
,,,,,
,,,,,
,,,,,
,,,,,
,,,,,
,,,,,
,,,,,
,,,,,
,,,,,
,,,,,
,,,,,
,,,,,
,,,,,
,,,,,
,,,,,
,,,,,
,,,,,
,,,,,
,,,,,
,,,,,
,,,,,
,,,,,
,,,,,
,,,,,
,,,,,
,,,,,
,,,,,
,,,,,
,,,,,
,,,,,
,,,,,
,,,,,
,,,,,
,,,,,
,,,,,
,,,,,
,,,,,
,,,,,
,,,,,
,,,,,
,,,,,
,,,,,
,,,,,
,,,,,
,,,,,
,,,,,
,,,,,
,,,,,
,,,,,
,,,,,
,,,,,
,,,,,
,,,,,
,,,,,
,,,,,
,,,,,
,,,,,
,,,,,
,,,,,
,,,,,
,,,,,
,,,,,
,,,,,
,,,,,
,,,,,
,,,,,
,,,,,
,,,,,
,,,,,
,,,,,
,,,,,
,,,,,
,,,,,
,,,,,
,,,,,
,,,,,
,,,,,
,,,,,
,,,,,
,,,,,
,,,,,
,,,,,
,,,,,
,,,,,
,,,,,
,,,,,
,,,,,
,,,,,
,,,,,
,,,,,
,,,,,
,,,,,
,,,,,
,,,,,
,,,,,
,,,,,
,,,,,
,,,,,
,,,,,
,,,,,
,,,,,
,,,,,
,,,,,
,,,,,
,,,,,
,,,,,
,,,,,
,,,,,
,,,,,
,,,,,
,,,,,
,,,,,
,,,,,
,,,,,
,,,,,
,,,,,
,,,,,
,,,,,
,,,,,
,,,,,
,,,,,
,,,,,
,,,,,
,,,,,
,,,,,
,,,,,
,,,,,
,,,,,
,,,,,
,,,,,
,,,,,
,,,,,
,,,,,
,,,,,
,,,,,
,,,,,
,,,,,
,,,,,
,,,,,
,,,,,
,,,,,
,,,,,
,,,,,
,,,,,
,,,,,
,,,,,
,,,,,
,,,,,
,,,,,
,,,,,
,,,,,
,,,,,
,,,,,
,,,,,
,,,,,
,,,,,
,,,,,
,,,,,
,,,,,
,,,,,
,,,,,
,,,,,
,,,,,
,,,,,
,,,,,
,,,,,
,,,,,
,,,,,
,,,,,
,,,,,
,,,,,
,,,,,
,,,,,
,,,,,
,,,,,
,,,,,
,,,,,
,,,,,
,,,,,
,,,,,
,,,,,
,,,,,
,,,,,
,,,,,
,,,,,
,,,,,
,,,,,
,,,,,
,,,,,
,,,,,
,,,,,
,,,,,
,,,,,
,,,,,
,,,,,
,,,,,
,,,,,
,,,,,
,,,,,
,,,,,
,,,,,
,,,,,
,,,,,
,,,,,
,,,,,
,,,,,
,,,,,
,,,,,
,,,,,
,,,,,
,,,,,
,,,,,
,,,,,
,,,,,
,,,,,
,,,,,
,,,,,
,,,,,
,,,,,
,,,,,
,,,,,
,,,,,
,,,,,
,,,,,
,,,,,
,,,,,
,,,,,
,,,,,
,,,,,
,,,,,
,,,,,
,,,,,
,,,,,
,,,,,
,,,,,
,,,,,
,,,,,
,,,,,
,,,,,
,,,,,
,,,,,
,,,,,
,,,,,
,,,,,
,,,,,
,,,,,
,,,,,
,,,,,
,,,,,
,,,,,
,,,,,
,,,,,
,,,,,
,,,,,
,,,,,
,,,,,
,,,,,
,,,,,
,,,,,
,,,,,
,,,,,
,,,,,
,,,,,
,,,,,
,,,,,
,,,,,
,,,,,
,,,,,
,,,,,
,,,,,
,,,,,
,,,,,
,,,,,
,,,,,
,,,,,
,,,,,
,,,,,
,,,,,
,,,,,
,,,,,
,,,,,
,,,,,
,,,,,
,,,,,
,,,,,
,,,,,
,,,,,
,,,,,
,,,,,
,,,,,
,,,,,
,,,,,
,,,,,
,,,,,
,,,,,
,,,,,
,,,,,
,,,,,
,,,,,
,,,,,
,,,,,
,,,,,
,,,,,
,,,,,
,,,,,
,,,,,
,,,,,
,,,,,
,,,,,
,,,,,
,,,,,
,,,,,
,,,,,
,,,,,
,,,,,
,,,,,
,,,,,
,,,,,
,,,,,
,,,,,
,,,,,
,,,,,
,,,,,
,,,,,
,,,,,
,,,,,
,,,,,
,,,,,
,,,,,
,,,,,
,,,,,
,,,,,
,,,,,
,,,,,
,,,,,
,,,,,
,,,,,
,,,,,
,,,,,
,,,,,
,,,,,
,,,,,
,,,,,
,,,,,
,,,,,
,,,,,
,,,,,
,,,,,
,,,,,
,,,,,
,,,,,
,,,,,
,,,,,
,,,,,
,,,,,
,,,,,
,,,,,
,,,,,
,,,,,
,,,,,
,,,,,
,,,,,
,,,,,
,,,,,
,,,,,
,,,,,
,,,,,
,,,,,
,,,,,
,,,,,
,,,,,
,,,,,
,,,,,
,,,,,
,,,,,
,,,,,
,,,,,
,,,,,
,,,,,
,,,,,
,,,,,
,,,,,
,,,,,
,,,,,
,,,,,
,,,,,
,,,,,
,,,,,
,,,,,
,,,,,
,,,,,
,,,,,
,,,,,
,,,,,
,,,,,
,,,,,
,,,,,
,,,,,
,,,,,
,,,,,
,,,,,
,,,,,
,,,,,
,,,,,
,,,,,
,,,,,
,,,,,
,,,,,
,,,,,
,,,,,
,,,,,
,,,,,
,,,,,
,,,,,
,,,,,
,,,,,
,,,,,
,,,,,
,,,,,
,,,,,
,,,,,
,,,,,
,,,,,
,,,,,
,,,,,
,,,,,
,,,,,
,,,,,
,,,,,
,,,,,
,,,,,
,,,,,
,,,,,
,,,,,
,,,,,
,,,,,
,,,,,
,,,,,
,,,,,
,,,,,
,,,,,
,,,,,
,,,,,
,,,,,
,,,,,
,,,,,
,,,,,
,,,,,
,,,,,
,,,,,
,,,,,
,,,,,
,,,,,
,,,,,
,,,,,
,,,,,
,,,,,
,,,,,
,,,,,
,,,,,
,,,,,
,,,,,
,,,,,
,,,,,
,,,,,
,,,,,
,,,,,
,,,,,
,,,,,
,,,,,
,,,,,
,,,,,
,,,,,
,,,,,
,,,,,
,,,,,
,,,,,
,,,,,
,,,,,
,,,,,
,,,,,
,,,,,
,,,,,
,,,,,
,,,,,
,,,,,
,,,,,
,,,,,
,,,,,
,,,,,
,,,,,
,,,,,
,,,,,
,,,,,
,,,,,
,,,,,
,,,,,
,,,,,
,,,,,
,,,,,
,,,,,
,,,,,
,,,,,
,,,,,
,,,,,
,,,,,
,,,,,
,,,,,
,,,,,
,,,,,
,,,,,
,,,,,
,,,,,
,,,,,
,,,,,
,,,,,
,,,,,
,,,,,
,,,,,
,,,,,
,,,,,
,,,,,
,,,,,
,,,,,
,,,,,
,,,,,
,,,,,
,,,,,
,,,,,
,,,,,
,,,,,
,,,,,
,,,,,
,,,,,
,,,,,
,,,,,
,,,,,
,,,,,
,,,,,
,,,,,
,,,,,
,,,,,
,,,,,
,,,,,
,,,,,
,,,,,
,,,,,
,,,,,
,,,,,
,,,,,
